Year,GDP_S
2001,37133.62311
2002,37997.75966
2003,39490.27496
2004,41724.63163
2005,44123.40707
2006,46302.00088
2007,48050.22378
2008,48570.04598
2009,47194.94335
2010,48650.64313
2011,50065.9665
